ksp_type,pc_type,response,min1,min5,min15,proc
cg,icc,28.458,1.72,1.27,1.19,3/3463
gmres,icc,342.69,2.15,1.9,1.5,3/3463
fcg,icc,38.399,2.96,2.14,1.6,2/3465
tcqmr,icc,103.78,2.0,2.05,1.63,1/3457
cgs,icc,43.212,1.89,2.01,1.64,3/3457
bcgs,icc,38.613,1.76,1.96,1.64,2/3458
tfqmr,icc,42.559,1.95,1.98,1.66,1/3456
cr,icc,25.555,1.68,1.92,1.64,1/3457
gcr,icc,1010.7,2.41,2.64,2.39,1/3452
cg,jacobi,38.259,2.5,2.65,2.4,2/3452
gmres,jacobi,226.55,1.73,2.11,2.23,1/3453
fcg,jacobi,70.256,1.95,2.1,2.21,2/3453
tcqmr,jacobi,229.01,3.04,2.3,2.24,1/3457
cgs,jacobi,68.753,3.18,2.51,2.32,2/3457
bcgs,jacobi,55.091,3.03,2.59,2.36,1/3459
tfqmr,jacobi,65.893,2.38,2.51,2.35,5/3458
cr,jacobi,34.516,2.14,2.43,2.33,3/3458
gcr,jacobi,1325.8,2.75,2.76,2.64,3/3452
cg,sor,32.98,2.47,2.69,2.62,1/3450
gmres,sor,500.23,2.49,2.36,2.44,2/3449
fcg,sor,46.259,2.3,2.35,2.43,1/3451
tcqmr,sor,129.18,2.24,2.41,2.45,1/3454
cgs,sor,48.43,2.24,2.38,2.44,3/3453
bcgs,sor,50.238,2.37,2.36,2.43,1/3456
tfqmr,sor,48.287,2.24,2.33,2.41,3/3453
cr,sor,32.008,1.75,2.2,2.36,1/3453
gcr,sor,1406.9,2.27,2.67,2.61,2/3451
cg,mg,41.137,1.68,2.47,2.54,1/3452
gmres,mg,370.2,2.34,2.22,2.4,2/3453
fcg,mg,47.494,2.21,2.22,2.38,2/3452
tcqmr,mg,156.38,3.72,2.58,2.47,1/3452
cgs,mg,60.317,2.24,2.36,2.4,2/3452
bcgs,mg,60.235,1.88,2.27,2.37,1/3448
tfqmr,mg,60.837,1.75,2.14,2.32,2/3448
cr,mg,41.567,1.91,2.15,2.31,3/3449
gcr,mg,620.4,2.32,2.45,2.45,2/3458
cg,icc,27.704,2.59,2.5,2.46,1/3455
gmres,icc,345.25,1.85,2.01,2.24,2/3453
fcg,icc,39.374,1.56,1.92,2.19,3/3450
tcqmr,icc,104.7,2.3,2.22,2.28,3/3451
cgs,icc,42.966,1.92,2.14,2.25,1/3452
bcgs,icc,39.163,1.83,2.09,2.23,1/3454
tfqmr,icc,42.142,1.62,2.0,2.19,3/3453
cr,icc,25.589,1.53,1.95,2.16,2/3451
gcr,icc,1013.9,2.66,2.75,2.59,1/3452
cg,jacobi,37.925,2.38,2.66,2.56,4/3456
gmres,jacobi,229.15,1.82,2.38,2.49,1/3462
fcg,jacobi,69.056,2.82,2.6,2.56,2/3464
tcqmr,jacobi,235.07,9.26,3.89,2.96,3/3453
cgs,jacobi,68.928,4.11,3.48,2.89,2/3453
bcgs,jacobi,57.323,3.25,3.32,2.87,1/3455
tfqmr,jacobi,64.304,3.08,3.2,2.85,1/3452
cr,jacobi,34.455,2.43,3.02,2.8,1/3453
gcr,jacobi,1338.3,2.99,3.58,3.17,1/3458
cg,sor,34.745,2.46,3.36,3.12,2/3461
gmres,sor,496.25,2.3,2.39,2.68,2/3454
fcg,sor,46.605,1.78,2.24,2.61,4/3454
tcqmr,sor,127.4,1.78,2.06,2.5,3/3455
cgs,sor,48.465,2.05,2.1,2.48,4/3454
bcgs,sor,50.612,3.03,2.42,2.58,1/3456
tfqmr,sor,48.18,2.9,2.48,2.59,5/3454
cr,sor,32.261,2.67,2.47,2.58,2/3454
gcr,sor,1413.2,2.47,2.87,2.93,1/3453
cg,mg,41.311,2.98,2.95,2.96,3/3453
gmres,mg,377.12,1.65,2.14,2.59,2/3452
fcg,mg,49.007,1.44,2.02,2.52,2/3453
tcqmr,mg,152.48,2.26,2.24,2.53,7/3454
cgs,mg,60.464,1.95,2.13,2.47,3/3455
bcgs,mg,62.974,1.83,2.08,2.43,1/3453
tfqmr,mg,58.954,1.89,2.04,2.39,3/3454
cr,mg,40.31,2.64,2.2,2.43,4/3454
gcr,mg,628.89,2.7,2.61,2.56,1/3456
cg,icc,27.609,2.6,2.6,2.56,3/3454
gmres,icc,343.73,1.55,1.94,2.27,2/3458
fcg,icc,38.329,1.5,1.87,2.23,2/3454
tcqmr,icc,103.43,1.75,1.84,2.18,1/3454
cgs,icc,43.212,1.82,1.83,2.16,2/3454
bcgs,icc,38.053,2.02,1.88,2.16,2/3455
tfqmr,icc,43.491,2.09,1.9,2.16,1/3455
cr,icc,25.645,1.93,1.88,2.14,3/3455
gcr,icc,1001.5,2.7,2.82,2.55,3/3455
cg,jacobi,38.272,2.25,2.69,2.52,2/3452
gmres,jacobi,223.28,1.91,2.42,2.44,1/3454
fcg,jacobi,70.914,1.87,2.27,2.39,1/3456
tcqmr,jacobi,233.73,1.84,2.1,2.29,2/3453
cgs,jacobi,68.408,1.99,2.09,2.27,1/3453
bcgs,jacobi,55.065,1.64,1.97,2.22,1/3453
tfqmr,jacobi,65.644,2.06,2.03,2.22,1/3452
cr,jacobi,34.528,1.98,2.01,2.21,1/3451
gcr,jacobi,1321.3,3.05,3.19,2.95,1/3456
cg,sor,32.893,3.09,3.17,2.95,1/3457
gmres,sor,503.73,1.95,2.28,2.59,2/3454
fcg,sor,45.008,1.79,2.19,2.54,2/3452
tcqmr,sor,130.14,1.87,2.06,2.44,7/3456
cgs,sor,48.247,1.6,1.95,2.38,1/3458
bcgs,sor,48.817,1.8,1.98,2.37,3/3456
tfqmr,sor,48.747,1.6,1.9,2.32,1/3456
cr,sor,31.866,2.0,1.98,2.33,3/3457
gcr,sor,1401.2,2.59,2.44,2.47,2/3452
cg,mg,41.435,2.74,2.49,2.48,2/3453
gmres,mg,373.04,2.01,2.1,2.3,1/3452
fcg,mg,48.46,1.81,2.04,2.26,1/3452
tcqmr,mg,151.17,1.92,2.0,2.21,1/3458
cgs,mg,62.166,3.27,2.3,2.3,7/3462
bcgs,mg,60.218,2.42,2.24,2.28,1/3458
tfqmr,mg,60.554,2.19,2.21,2.26,1/3458
cr,mg,39.87,2.14,2.21,2.26,6/3456
gcr,mg,618.6,2.07,2.35,2.38,1/3452
cg,icc,27.568,2.31,2.37,2.38,4/3451
gmres,icc,342.2,1.88,1.98,2.18,1/3453
fcg,icc,38.226,2.08,2.01,2.19,2/3455
tcqmr,icc,105.9,2.58,2.11,2.19,3/3453
cgs,icc,42.956,2.87,2.22,2.22,1/3452
bcgs,icc,39.106,2.35,2.16,2.2,1/3452
tfqmr,icc,43.266,2.12,2.12,2.19,1/3452
cr,icc,24.818,1.87,2.06,2.16,2/3452
gcr,icc,998.47,2.5,2.75,2.59,2/3454
cg,jacobi,36.632,1.99,2.59,2.54,5/3453
gmres,jacobi,227.81,1.85,2.22,2.4,1/3454
fcg,jacobi,68.61,1.7,2.1,2.34,1/3454
tcqmr,jacobi,233.64,2.1,2.09,2.28,1/3456
cgs,jacobi,65.992,2.06,2.08,2.26,3/3452
bcgs,jacobi,54.744,2.16,2.13,2.27,3/3453
tfqmr,jacobi,64.226,1.72,2.02,2.22,1/3452
cr,jacobi,35.037,2.34,2.14,2.26,1/3453
gcr,jacobi,1321.3,2.52,2.78,2.62,1/3452
cg,sor,34.017,2.17,2.66,2.58,2/3453
gmres,sor,501.72,3.04,2.42,2.41,3/3452
fcg,sor,47.098,2.7,2.43,2.41,2/3452
tcqmr,sor,127.26,2.84,2.58,2.47,2/3453
cgs,sor,49.85,2.87,2.63,2.49,3/3454
bcgs,sor,49.546,2.66,2.62,2.49,2/3455
tfqmr,sor,48.256,2.34,2.54,2.47,1/3457
cr,sor,33.272,2.05,2.43,2.44,2/3458
gcr,sor,1408.3,3.18,3.3,3.13,3/3456
cg,mg,43.358,2.51,3.11,3.07,1/3455
gmres,mg,483.55,94.41,50.01,21.96,88/3714
fcg,mg,88.483,97.21,62.68,29.06,91/3717
tcqmr,mg,318.32,99.75,86.95,49.77,100/3711
cgs,mg,125.39,99.8,91.48,56.13,86/3706
bcgs,mg,118.89,98.53,93.44,61.11,91/3708
tfqmr,mg,110.4,99.59,95.63,65.69,87/3712
cr,mg,74.094,99.11,96.43,68.3,84/3709
gcr,mg,971.99,101.38,100.89,89.22,86/3710
cg,icc,53.236,100.84,100.78,89.85,93/3709
gmres,icc,680.56,101.38,100.57,95.3,84/3711
fcg,icc,73.408,101.05,100.5,95.7,83/3706
tcqmr,icc,226.36,100.87,100.87,96.89,87/3713
cgs,icc,84.613,98.54,100.42,97.12,88/3708
bcgs,icc,73.641,99.25,100.23,97.31,77/3709
tfqmr,icc,83.367,99.11,99.83,97.42,83/3708
cr,icc,46.464,99.73,99.81,97.54,94/3708
gcr,icc,1360.8,98.79,97.98,97.6,87/3713
cg,jacobi,78.628,99.65,98.43,97.79,96/3712
gmres,jacobi,444.29,101.52,99.37,98.41,72/3707
fcg,jacobi,129.04,99.88,99.7,98.67,92/3713
tcqmr,jacobi,450.05,99.47,99.6,99.11,94/3705
cgs,jacobi,130.75,96.77,98.71,98.87,97/3708
bcgs,jacobi,107.67,100.07,99.3,99.06,91/3705
tfqmr,jacobi,137.01,96.6,98.35,98.76,89/3708
cr,jacobi,69.006,96.32,97.9,98.57,90/3707
gcr,jacobi,1738.4,98.85,99.39,98.78,91/3709
cg,sor,62.958,99.01,99.45,98.85,85/3713
gmres,sor,1071.8,101.16,100.91,99.92,85/3712
fcg,sor,92.966,101.89,101.08,100.07,91/3710
tcqmr,sor,249.0,101.18,101.14,100.33,86/3709
cgs,sor,97.333,101.84,101.45,100.53,98/3709
bcgs,sor,109.88,100.02,101.02,100.48,92/3711
tfqmr,sor,88.959,98.23,100.29,100.28,86/3713
cr,sor,61.331,99.21,100.12,100.21,85/3710
gcr,sor,1999.6,101.25,99.61,99.6,90/3709
cg,mg,81.474,99.31,99.42,99.54,91/3710
gmres,mg,733.82,100.49,100.55,100.02,100/3713
fcg,mg,99.649,99.61,100.22,99.96,89/3707
tcqmr,mg,293.22,97.04,99.2,99.66,93/3709
cgs,mg,133.94,97.06,98.04,99.14,87/3703
bcgs,mg,118.72,97.79,97.79,98.9,84/3707
tfqmr,mg,110.19,99.8,98.59,99.07,91/3706
cr,mg,75.626,98.74,98.54,99.01,89/3711
gcr,mg,976.39,105.34,101.97,100.18,89/3708
cg,icc,54.656,103.29,101.94,100.27,102/3711
gmres,icc,651.51,99.05,99.67,99.8,87/3712
fcg,icc,82.72,97.12,98.87,99.5,83/3713
tcqmr,icc,208.25,98.58,98.86,99.35,96/3705
cgs,icc,83.128,100.06,99.2,99.43,93/3702
bcgs,icc,73.404,98.98,99.0,99.33,90/3701
tfqmr,icc,90.276,99.23,99.29,99.42,92/3702
cr,icc,48.284,98.47,99.09,99.34,93/3705
gcr,icc,1375.5,96.13,97.26,98.3,86/3711
cg,jacobi,70.771,98.49,97.7,98.37,86/3705
gmres,jacobi,453.69,100.02,99.11,98.77,92/3705
fcg,jacobi,138.96,98.58,99.02,98.79,96/3709
tcqmr,jacobi,457.19,97.78,99.08,99.05,89/3708
cgs,jacobi,133.09,99.25,99.31,99.16,82/3710
bcgs,jacobi,109.35,98.82,99.05,99.07,87/3709
tfqmr,jacobi,127.2,97.75,98.67,98.94,89/3709
cr,jacobi,70.49,98.31,98.56,98.88,93/3703
gcr,jacobi,1766.1,98.74,99.23,99.26,101/3701
cg,sor,68.958,100.71,99.77,99.44,86/3705
gmres,sor,1037.2,100.86,99.69,99.32,87/3699
fcg,sor,84.821,102.24,100.65,99.71,98/3705
tcqmr,sor,264.93,99.62,99.51,99.4,86/3705
cgs,sor,117.92,103.01,100.69,99.83,96/3702
bcgs,sor,93.266,101.06,100.7,99.92,88/3702
tfqmr,sor,97.433,98.25,99.69,99.63,90/3700
cr,sor,61.982,99.37,99.62,99.6,89/3700
gcr,sor,1983.7,99.06,98.5,98.99,94/3699
cg,mg,79.066,97.92,98.32,98.89,93/3703
gmres,mg,696.52,98.65,98.76,98.78,85/3701
fcg,mg,95.847,101.23,99.87,99.19,91/3709
tcqmr,mg,320.68,99.73,98.89,98.89,95/3706
cgs,mg,142.04,98.32,98.94,98.92,84/3705
bcgs,mg,137.72,98.42,98.82,98.89,83/3702
tfqmr,mg,110.33,100.35,99.73,99.23,90/3706
cr,mg,75.989,100.45,100.06,99.4,95/3703
gcr,mg,958.16,101.97,99.72,99.37,103/3707
cg,icc,55.457,101.4,100.0,99.48,81/3706
gmres,icc,710.49,101.25,100.79,100.17,93/3707
fcg,icc,75.2,99.85,100.51,100.12,89/3707
tcqmr,icc,206.78,100.22,100.63,100.27,85/3710
cgs,icc,89.349,100.12,100.43,100.22,84/3708
bcgs,icc,74.096,97.8,99.72,100.0,82/3707
tfqmr,icc,83.13,99.21,99.51,99.89,87/3706
cr,icc,56.346,100.61,99.83,99.98,97/3705
gcr,icc,1089.6,2.53,9.4,43.94,1/3690
cg,jacobi,36.881,2.44,8.61,42.4,1/3691
gmres,jacobi,224.6,1.85,5.18,33.74,2/3697
fcg,jacobi,70.907,1.82,4.43,31.27,2/3695
tcqmr,jacobi,236.23,2.63,3.31,24.78,2/3695
cgs,jacobi,66.549,2.66,3.12,23.15,1/3615
bcgs,jacobi,54.944,1.91,2.84,21.89,2/3453
tfqmr,jacobi,63.775,1.45,2.52,20.5,2/3452
cr,jacobi,34.244,1.76,2.48,19.81,1/3451
gcr,jacobi,1319.7,2.87,2.75,6.84,1/3449
cg,sor,32.835,2.27,2.61,6.66,2/3448
gmres,sor,500.26,1.68,1.98,4.63,2/3449
fcg,sor,44.634,2.2,2.07,4.53,2/3448
tcqmr,sor,124.59,2.0,2.01,4.19,2/3451
cgs,sor,48.262,1.62,1.91,4.04,2/3453
bcgs,sor,49.498,2.3,2.05,3.98,1/3456
tfqmr,sor,46.954,2.07,2.03,3.88,1/3456
cr,sor,32.39,2.0,2.02,3.81,3/3454
gcr,sor,1400.9,2.27,2.44,2.81,1/3448
cg,mg,40.875,2.06,2.36,2.77,3/3448
gmres,mg,369.65,2.27,2.2,2.54,3/3453
fcg,mg,47.47,2.19,2.18,2.51,1/3452
tcqmr,mg,150.92,1.92,2.04,2.41,2/3453
cgs,mg,61.622,2.53,2.16,2.42,1/3451
bcgs,mg,60.145,2.45,2.23,2.43,2/3451
tfqmr,mg,58.662,2.34,2.23,2.42,1/3452
cr,mg,41.356,1.75,2.09,2.36,1/3452
gcr,mg,620.2,2.99,2.55,2.45,1/3449
cg,icc,28.249,2.84,2.54,2.45,1/3449
gmres,icc,338.09,1.85,2.04,2.23,1/3449
fcg,icc,38.238,2.12,2.08,2.24,2/3453
tcqmr,icc,105.76,1.87,2.0,2.19,1/3451
cgs,icc,44.358,1.6,1.9,2.15,3/3450
bcgs,icc,37.887,1.35,1.81,2.1,1/3451
tfqmr,icc,42.175,1.95,1.89,2.12,3/3455
cr,icc,24.745,1.88,1.89,2.11,1/3452
gcr,icc,996.77,2.29,2.4,2.34,2/3453
cg,jacobi,37.669,2.02,2.32,2.31,1/3451
gmres,jacobi,226.01,2.34,2.28,2.28,1/3450
fcg,jacobi,68.547,2.08,2.2,2.25,2/3449
tcqmr,jacobi,233.31,2.29,2.29,2.26,2/3449
cgs,jacobi,66.604,2.5,2.3,2.27,7/3450
bcgs,jacobi,56.066,1.66,2.1,2.2,2/3451
tfqmr,jacobi,63.792,2.55,2.26,2.25,3/3455
cr,jacobi,34.223,2.45,2.27,2.25,1/3452
gcr,jacobi,1321.6,2.8,2.91,2.7,1/3451
cg,sor,34.008,2.65,2.87,2.7,2/3451
gmres,sor,500.22,2.68,2.43,2.48,1/3455
fcg,sor,45.751,2.22,2.35,2.45,1/3456
tcqmr,sor,129.22,2.68,2.37,2.44,1/3455
cgs,sor,49.873,2.52,2.39,2.44,3/3454
bcgs,sor,48.503,3.18,2.51,2.48,3/3453
tfqmr,sor,47.92,2.27,2.36,2.43,2/3455
cr,sor,33.093,2.17,2.32,2.41,1/3454
gcr,sor,1401.0,3.0,2.74,2.64,6/3450
cg,mg,42.093,2.22,2.56,2.58,1/3449
gmres,mg,370.49,2.12,2.17,2.38,3/3450
fcg,mg,47.593,1.75,2.05,2.33,7/3450
tcqmr,mg,150.91,1.92,2.03,2.28,1/3451
cgs,mg,60.131,2.91,2.37,2.38,1/3451
bcgs,mg,60.393,2.19,2.27,2.34,1/3451
tfqmr,mg,60.964,2.08,2.21,2.31,2/3449
cr,mg,40.335,3.23,2.55,2.43,2/3450
gcr,mg,618.86,2.67,2.58,2.49,4/3450
cg,icc,27.497,2.37,2.52,2.47,2/3449
gmres,icc,342.02,1.83,2.12,2.31,7/3450
fcg,icc,39.116,1.76,2.06,2.28,2/3453
tcqmr,icc,105.83,1.94,2.07,2.26,1/3450
cgs,icc,43.974,2.05,2.08,2.25,2/3450
bcgs,icc,39.042,2.67,2.2,2.28,2/3449
tfqmr,icc,43.197,2.13,2.14,2.26,2/3449
cr,icc,24.745,2.33,2.17,2.27,2/3449
gcr,icc,1000.5,2.53,2.55,2.44,5/3449
cg,jacobi,36.677,2.62,2.56,2.45,1/3447
gmres,jacobi,226.75,1.6,2.16,2.31,1/3450
fcg,jacobi,68.511,1.64,2.1,2.28,1/3449
tcqmr,jacobi,233.63,1.55,1.87,2.15,4/3453
cgs,jacobi,66.033,2.19,1.98,2.16,1/3451
bcgs,jacobi,56.323,2.12,1.98,2.15,3/3453
tfqmr,jacobi,63.624,1.79,1.91,2.11,1/3448
cr,jacobi,35.081,1.76,1.89,2.1,2/3451
gcr,jacobi,1315.8,2.76,2.91,2.73,1/3448
cg,sor,33.912,2.28,2.78,2.7,2/3450
gmres,sor,503.24,2.7,2.43,2.51,1/3452
fcg,sor,46.284,2.58,2.45,2.52,2/3451
tcqmr,sor,124.73,2.59,2.59,2.56,3/3452
cgs,sor,48.199,1.93,2.41,2.5,7/3453
bcgs,sor,50.148,1.57,2.23,2.44,1/3452
tfqmr,sor,46.401,1.7,2.17,2.4,1/3449
cr,sor,33.024,1.61,2.09,2.37,4/3454
gcr,sor,1403.7,2.46,2.6,2.55,2/3448
cg,mg,41.02,2.17,2.51,2.52,1/3449
gmres,mg,369.29,1.79,2.02,2.28,1/3450
fcg,mg,49.041,1.9,2.01,2.26,1/3452
tcqmr,mg,155.28,1.66,1.89,2.18,1/3452
cgs,mg,60.362,1.68,1.85,2.14,1/3451
bcgs,mg,61.304,1.84,1.88,2.13,1/3448
tfqmr,mg,58.958,1.67,1.84,2.1,2/3448
cr,mg,41.339,2.26,1.97,2.13,2/3449
gcr,mg,616.23,2.39,2.44,2.33,3/3449
cg,icc,27.619,2.22,2.4,2.32,2/3449
gmres,icc,343.18,1.82,2.04,2.18,4/3450
fcg,icc,39.25,1.89,2.02,2.16,3/3450
tcqmr,icc,106.4,1.96,1.97,2.12,1/3451
cgs,icc,43.151,1.9,1.94,2.1,2/3451
bcgs,icc,38.876,2.83,2.17,2.17,1/3452
tfqmr,icc,42.385,2.2,2.09,2.14,1/3450
cr,icc,25.047,1.87,2.01,2.12,1/3451
gcr,icc,1006.7,2.32,2.39,2.3,2/3447
cg,jacobi,37.69,1.87,2.26,2.26,1/3448
gmres,jacobi,224.17,2.59,2.45,2.35,2/3449
fcg,jacobi,68.594,2.07,2.33,2.31,1/3450
tcqmr,jacobi,228.1,1.73,2.01,2.18,3/3451
cgs,jacobi,66.09,2.27,2.1,2.2,2/3451
bcgs,jacobi,54.874,1.8,2.01,2.16,2/3453
tfqmr,jacobi,64.355,1.44,1.85,2.09,2/3448
cr,jacobi,34.495,1.87,1.91,2.1,2/3448
gcr,jacobi,1323.7,2.74,2.69,2.57,1/3449
cg,sor,32.789,2.21,2.57,2.53,1/3451
gmres,sor,502.59,1.76,2.15,2.34,1/3450
fcg,sor,44.72,1.6,2.05,2.29,2/3450
tcqmr,sor,126.56,1.72,1.88,2.19,6/3450
cgs,sor,48.104,1.72,1.87,2.17,1/3449
bcgs,sor,48.431,1.74,1.84,2.14,1/3449
tfqmr,sor,47.762,1.96,1.87,2.14,1/3449
cr,sor,32.966,1.76,1.83,2.11,3/3453
gcr,sor,1389.5,3.2,2.83,2.64,1/3448
cg,mg,40.871,2.42,2.68,2.59,1/3449
gmres,mg,368.58,1.81,2.19,2.41,2/3450
fcg,mg,47.47,1.83,2.13,2.37,3/3450
tcqmr,mg,153.14,2.04,2.11,2.33,2/3452
cgs,mg,61.932,2.23,2.16,2.33,1/3450
bcgs,mg,60.156,2.0,2.12,2.31,3/3459
tfqmr,mg,58.669,2.21,2.15,2.3,1/3464
cr,mg,39.85,2.19,2.17,2.3,1/3460
gcr,mg,618.48,2.66,2.45,2.36,1/3451
cg,icc,28.315,2.45,2.41,2.35,1/3451
gmres,icc,336.18,1.79,1.99,2.17,1/3451
fcg,icc,39.13,2.05,2.02,2.18,2/3451
tcqmr,icc,102.69,1.7,1.91,2.12,2/3447
cgs,icc,42.956,1.69,1.88,2.1,2/3449
bcgs,icc,37.997,1.87,1.91,2.09,1/3449
tfqmr,icc,42.069,1.58,1.83,2.06,1/3451
cr,icc,25.197,1.84,1.87,2.07,2/3449
gcr,icc,999.9,3.15,2.91,2.57,3/3452
cg,jacobi,37.238,2.84,2.86,2.57,1/3452
gmres,jacobi,227.46,1.69,2.38,2.44,2/3452
fcg,jacobi,70.046,1.83,2.27,2.4,1/3453
tcqmr,jacobi,233.71,1.57,1.95,2.23,1/3449
cgs,jacobi,66.994,1.68,1.9,2.19,1/3450
bcgs,jacobi,56.131,1.83,1.91,2.18,2/3451
tfqmr,jacobi,63.754,1.7,1.89,2.15,1/3450
cr,jacobi,34.271,1.64,1.86,2.13,2/3450
gcr,jacobi,1321.6,2.87,2.96,2.79,4/3450
cg,sor,32.795,2.41,2.85,2.76,1/3450
gmres,sor,494.17,2.05,2.17,2.47,2/3448
fcg,sor,44.84,1.63,2.03,2.4,2/3448
tcqmr,sor,125.6,2.37,2.1,2.37,2/3449
cgs,sor,49.505,1.87,2.01,2.33,6/3452
bcgs,sor,50.53,1.53,1.9,2.27,2/3450
tfqmr,sor,47.843,1.45,1.82,2.22,1/3451
cr,sor,31.9,1.48,1.79,2.2,1/3451
gcr,sor,1402.9,2.49,2.58,2.49,2/3447
cg,mg,40.702,3.42,2.77,2.55,3/3448
gmres,mg,371.8,1.77,2.1,2.3,1/3448
fcg,mg,47.96,1.62,2.01,2.26,2/3448
tcqmr,mg,155.98,2.06,2.03,2.22,5/3450
cgs,mg,62.413,1.83,1.97,2.19,2/3450
bcgs,mg,62.67,1.89,1.94,2.16,4/3457
tfqmr,mg,59.192,1.91,1.94,2.15,17/3452
cr,mg,40.257,2.66,2.14,2.21,1/3449
gcr,mg,616.37,2.43,2.41,2.31,2/3449
cg,icc,27.546,2.33,2.39,2.31,1/3450
gmres,icc,341.17,2.43,2.42,2.34,3/3449
fcg,icc,39.148,2.5,2.45,2.35,2/3448
tcqmr,icc,105.48,2.1,2.32,2.32,1/3451
cgs,icc,44.196,2.01,2.26,2.29,2/3454
bcgs,icc,38.948,1.88,2.19,2.27,2/3451
tfqmr,icc,42.028,1.64,2.09,2.23,2/3451
cr,icc,24.758,1.62,2.05,2.21,2/3451
gcr,icc,996.05,2.35,2.64,2.61,1/3449
cg,jacobi,36.634,2.16,2.57,2.58,2/3450
gmres,jacobi,225.68,3.39,2.76,2.64,1/3452
fcg,jacobi,70.26,2.08,2.49,2.56,1/3450
tcqmr,jacobi,233.0,2.31,2.43,2.51,1/3452
cgs,jacobi,67.101,3.35,2.71,2.6,1/3452
bcgs,jacobi,55.478,2.7,2.62,2.58,1/3451
tfqmr,jacobi,65.158,2.27,2.55,2.56,4/3449
cr,jacobi,35.157,2.6,2.59,2.57,2/3449
gcr,jacobi,1320.4,3.3,3.2,2.92,1/3455
cg,sor,32.831,2.85,3.08,2.89,1/3454
gmres,sor,500.83,2.0,2.17,2.51,2/3454
fcg,sor,45.292,1.75,2.07,2.45,2/3456
tcqmr,sor,127.46,2.39,2.15,2.43,1/3457
cgs,sor,49.802,3.94,2.49,2.52,2/3457
bcgs,sor,48.457,2.82,2.39,2.48,1/3456
tfqmr,sor,46.135,2.62,2.38,2.48,1/3456
cr,sor,32.321,2.55,2.39,2.47,2/3461
gcr,sor,1403.0,4.43,4.47,3.94,5/3453
cg,mg,41.554,4.08,4.37,3.94,6/3456
gmres,mg,376.36,4.37,4.42,4.12,4/3452
fcg,mg,49.134,4.07,4.33,4.1,6/3453
tcqmr,mg,154.12,3.86,4.2,4.09,3/3454
cgs,mg,62.186,4.28,4.26,4.11,4/3452
bcgs,mg,63.37,3.85,4.13,4.08,3/3451
tfqmr,mg,60.454,3.8,4.06,4.06,4/3453
cr,mg,41.747,4.14,4.09,4.06,6/3453
gcr,mg,632.72,4.54,4.69,4.44,5/3449
cg,icc,28.776,4.59,4.68,4.44,5/3448
gmres,icc,346.99,3.83,4.17,4.29,4/3450
fcg,icc,38.89,3.99,4.16,4.28,3/3451
tcqmr,icc,105.37,3.98,4.12,4.25,8/3452
cgs,icc,44.632,3.77,4.05,4.22,3/3452
bcgs,icc,38.659,3.79,4.03,4.21,3/3452
tfqmr,icc,44.252,3.77,3.98,4.18,4/3451
cr,icc,25.922,3.7,3.95,4.16,5/3454
gcr,icc,1025.3,4.85,4.82,4.65,3/3448
cg,jacobi,37.32,5.81,5.07,4.74,4/3450
gmres,jacobi,229.27,3.56,4.28,4.49,3/3449
fcg,jacobi,69.707,4.29,4.4,4.52,3/3450
tcqmr,jacobi,230.18,3.65,4.01,4.33,3/3447
cgs,jacobi,67.188,3.5,3.89,4.26,3/3448
bcgs,jacobi,55.815,3.78,3.88,4.24,4/3448
tfqmr,jacobi,66.438,4.04,3.94,4.23,9/3449
cr,jacobi,36.211,4.61,4.1,4.28,8/3453
gcr,jacobi,1342.8,4.87,4.72,4.65,3/3449
cg,sor,33.11,4.51,4.65,4.62,4/3448
gmres,sor,510.15,3.97,4.03,4.31,4/3452
fcg,sor,45.697,3.94,4.01,4.29,4/3451
tcqmr,sor,129.18,3.96,3.98,4.24,3/3453
cgs,sor,49.037,3.83,3.95,4.21,3/3454
bcgs,sor,51.006,3.94,3.95,4.19,5/3454
tfqmr,sor,46.975,4.26,4.01,4.2,3/3454
cr,sor,32.196,4.9,4.2,4.25,4/3453
gcr,sor,1426.0,4.56,4.76,4.72,4/3458
cg,mg,41.955,4.59,4.73,4.71,3/3455
gmres,mg,377.79,3.88,4.39,4.59,4/3453
fcg,mg,48.617,3.68,4.27,4.54,3/3450
tcqmr,mg,154.06,3.67,4.02,4.4,3/3450
cgs,mg,62.067,3.87,3.99,4.36,5/3450
bcgs,mg,63.088,4.33,4.09,4.37,4/3451
tfqmr,mg,61.444,3.81,3.98,4.31,4/3451
cr,mg,42.197,4.03,4.0,4.3,3/3448
gcr,mg,631.02,4.53,4.42,4.34,3/3451
cg,icc,27.932,4.51,4.43,4.35,4/3449
gmres,icc,348.89,4.3,4.37,4.34,3/3451
fcg,icc,38.999,4.26,4.36,4.33,3/3451
tcqmr,icc,107.23,3.73,4.11,4.24,3/3455
cgs,icc,43.611,4.07,4.15,4.25,3/3454
bcgs,icc,38.75,3.8,4.07,4.22,4/3455
tfqmr,icc,43.001,3.51,3.95,4.17,4/3456
cr,icc,25.209,3.55,3.92,4.16,3/3455
gcr,icc,1031.4,4.38,4.55,4.5,3/3448
cg,jacobi,38.46,4.24,4.49,4.48,4/3452
gmres,jacobi,226.13,4.28,4.22,4.36,5/3449
fcg,jacobi,72.235,4.43,4.29,4.38,4/3454
tcqmr,jacobi,235.86,3.86,4.11,4.28,3/3452
cgs,jacobi,67.334,4.29,4.26,4.33,3/3449
bcgs,jacobi,55.815,3.96,4.18,4.29,6/3452
tfqmr,jacobi,65.055,3.86,4.1,4.26,3/3450
cr,jacobi,35.797,3.79,4.06,4.24,4/3451
gcr,jacobi,1348.5,6.29,5.62,5.06,4/3451
cg,sor,33.947,6.01,5.67,5.1,6/3454
gmres,sor,511.62,4.99,4.75,4.8,3/3451
fcg,sor,46.18,4.41,4.62,4.75,4/3451
tcqmr,sor,127.65,3.8,4.3,4.61,3/3451
cgs,sor,51.194,4.35,4.38,4.62,4/3454
bcgs,sor,51.227,3.69,4.19,4.54,3/3454
tfqmr,sor,47.751,4.41,4.33,4.57,5/3459
cr,sor,32.697,4.21,4.29,4.55,4/3454
gcr,sor,1661.2,100.16,94.27,61.36,89/3706
cg,mg,82.093,100.12,95.77,64.78,88/3704
gmres,mg,816.05,103.78,102.59,86.98,97/3703
fcg,mg,92.571,104.26,102.96,88.63,101/3709
tcqmr,mg,311.5,102.5,102.3,92.44,89/3706
cgs,mg,119.81,99.96,101.49,93.35,94/3707
bcgs,mg,117.82,102.63,102.03,94.55,91/3709
tfqmr,mg,119.11,101.46,102.15,95.52,89/3706
cr,mg,86.45,103.05,102.39,96.22,90/3703
gcr,mg,983.83,102.52,101.76,99.76,90/3714
cg,icc,58.307,107.27,103.19,100.37,94/3719
gmres,icc,697.52,102.98,102.8,101.58,88/3703
fcg,icc,76.758,101.56,102.48,101.57,84/3701
tcqmr,icc,206.89,104.86,103.77,102.27,97/3705
cgs,icc,86.412,103.21,103.46,102.3,92/3710
bcgs,icc,77.503,101.89,103.03,102.25,93/3703
tfqmr,icc,90.763,102.37,102.98,102.31,87/3709
cr,icc,50.411,103.55,103.2,102.42,85/3713
gcr,icc,1415.0,102.97,102.38,102.71,92/3705
cg,jacobi,69.596,100.59,101.76,102.47,89/3701
gmres,jacobi,433.95,104.09,101.83,102.13,89/3709
fcg,jacobi,130.91,102.22,102.37,102.34,88/3709
tcqmr,jacobi,446.88,99.3,101.14,101.79,94/3707
cgs,jacobi,138.3,97.75,99.96,101.27,85/3704
bcgs,jacobi,109.56,99.25,100.08,101.18,85/3704
tfqmr,jacobi,134.57,98.65,99.75,100.92,88/3704
cr,jacobi,70.797,102.57,100.68,101.15,89/3703
gcr,jacobi,1783.8,101.63,101.48,101.3,115/3707
cg,sor,77.031,101.03,101.34,101.27,91/3701
gmres,sor,1001.6,106.5,103.11,102.09,92/3713
fcg,sor,97.084,104.23,103.7,102.43,87/3710
tcqmr,sor,261.35,101.99,102.94,102.45,88/3705
cgs,sor,101.08,101.1,102.35,102.29,87/3707
bcgs,sor,93.168,100.11,101.81,102.12,85/3701
tfqmr,sor,95.22,102.38,102.24,102.24,90/3705
cr,sor,62.967,102.33,102.34,102.28,86/3699
gcr,sor,2055.9,101.44,101.66,101.74,86/3705
cg,mg,94.449,102.97,102.06,101.88,99/3706
gmres,mg,772.07,103.2,102.06,102.01,99/3714
fcg,mg,109.6,101.96,102.02,102.01,89/3707
tcqmr,mg,297.86,102.63,102.34,102.17,94/3713
cgs,mg,122.21,104.98,103.1,102.46,85/3708
bcgs,mg,123.61,106.32,103.64,102.7,93/3700
tfqmr,mg,114.77,101.45,102.94,102.57,96/3705
cr,mg,82.386,101.82,102.6,102.48,83/3704
gcr,mg,992.85,102.92,103.11,102.77,84/3704
cg,icc,55.131,102.23,102.86,102.71,90/3703
gmres,icc,691.53,102.67,102.87,102.66,89/3702
fcg,icc,78.812,102.3,102.86,102.69,91/3704
tcqmr,icc,200.43,100.78,101.95,102.37,85/3703
cgs,icc,86.529,102.99,102.4,102.49,92/3705
bcgs,icc,75.397,104.16,103.05,102.72,94/3702
tfqmr,icc,86.836,101.45,102.54,102.58,95/3703
cr,icc,48.254,101.26,102.35,102.52,94/3703
gcr,icc,1416.8,101.67,101.71,102.06,84/3707
cg,jacobi,69.125,101.75,101.75,102.05,84/3702
gmres,jacobi,431.16,103.42,102.55,102.26,88/3706
fcg,jacobi,139.24,103.89,103.14,102.52,87/3707
tcqmr,jacobi,459.25,103.48,103.04,102.82,89/3705
cgs,jacobi,132.68,101.28,102.48,102.66,84/3714
bcgs,jacobi,111.19,102.44,102.46,102.62,94/3711
tfqmr,jacobi,136.53,102.16,101.96,102.38,97/3704
cr,jacobi,71.65,103.16,102.31,102.47,85/3700
gcr,jacobi,1774.9,101.22,101.89,102.21,106/3707
cg,sor,69.158,101.68,101.87,102.17,93/3705
gmres,sor,1106.2,101.48,102.81,102.41,85/3709
fcg,sor,84.608,101.69,102.54,102.35,90/3710
tcqmr,sor,266.13,101.7,101.78,102.05,94/3702
cgs,sor,118.0,101.5,101.9,102.08,107/3705
bcgs,sor,108.42,100.33,101.51,101.93,97/3705
tfqmr,sor,102.73,101.66,101.48,101.86,88/3706
cr,sor,66.208,102.39,101.78,101.94,86/3701
gcr,sor,2025.5,99.31,99.99,101.16,85/3705
cg,mg,77.833,101.23,100.39,101.2,89/3705
gmres,mg,822.5,103.88,103.55,102.47,89/3711
fcg,mg,100.37,103.64,103.6,102.6,86/3705
tcqmr,mg,309.45,102.45,102.65,102.47,100/3704
cgs,mg,112.72,102.9,102.81,102.56,90/3706
bcgs,mg,123.64,100.53,102.18,102.38,96/3712
tfqmr,mg,109.28,103.74,102.49,102.44,85/3708
cr,mg,95.721,102.8,102.49,102.44,93/3703
gcr,mg,839.51,5.74,42.06,76.32,5/3694
